Date,Total_Predicted_Sales_Volume
2026-09-27,2447034.82
2026-09-28,2496801.94
2026-09-29,2482615.09
2026-09-30,2468428.25
2026-10-01,2587412.64
2026-10-02,2573225.79
2026-10-03,2559038.95
2026-10-04,2544852.11
2026-10-05,2594619.22
2026-10-06,2580432.38
2026-10-07,2566245.54
2026-10-08,2552058.69
2026-10-09,2537871.85
2026-10-10,2523685.0
2026-10-11,2509498.16
2026-10-12,2559265.28
2026-10-13,2545078.43
2026-10-14,2530891.59
2026-10-15,2516704.75
2026-10-16,2502517.9
2026-10-17,2488331.06
2026-10-18,2474144.21
2026-10-19,2523911.33
2026-10-20,2509724.49
2026-10-21,2495537.64
2026-10-22,2481350.8
2026-10-23,2467163.96
2026-10-24,2452977.11
2026-10-25,2438790.27
2026-10-26,2488557.39
